{
  "Ansi 6 Color" : {
    "Red Component" : 0.54117647058823526,
    "Color Space" : "sRGB",
    "Blue Component" : 0.71764705882352942,
    "Green Component" : 0.74509803921568629
  },
  "Tags" : [

  ],
  "Ansi 12 Color" : {
    "Red Component" : 0.50588235294117645,
    "Color Space" : "sRGB",
    "Blue Component" : 0.74509803921568629,
    "Green Component" : 0.63529411764705879
  },
  "Use Non-ASCII Font" : false,
  "Normal Font" : "IntoneMonoNFM 14",
  "Bold Color" : {
    "Red Component" : 0.77254901960784317,
    "Color Space" : "sRGB",
    "Blue Component" : 0.77647058823529413,
    "Green Component" : 0.78431372549019607
  },
  "Ansi 2 Color" : {
    "Red Component" : 0.70980392156862748,
    "Color Space" : "sRGB",
    "Blue Component" : 0.40784313725490196,
    "Green Component" : 0.74117647058823533
  },
  "Ansi 4 Color" : {
    "Red Component" : 0.50588235294117645,
    "Color Space" : "sRGB",
    "Blue Component" : 0.74509803921568629,
    "Green Component" : 0.63529411764705879
  },
  "Ansi 5 Color" : {
    "Red Component" : 0.69803921568627447,
    "Color Space" : "sRGB",
    "Blue Component" : 0.73333333333333328,
    "Green Component" : 0.58039215686274515
  },
  "Rows" : 32,
  "Default Bookmark" : "No",
  "Cursor Guide Color" : {
    "Red Component" : 0.74862593412399292,
    "Color Space" : "P3",
    "Blue Component" : 0.99125725030899048,
    "Alpha Component" : 0.25,
    "Green Component" : 0.92047786712646484
  },
  "Non-ASCII Anti Aliased" : true,
  "Use Bright Bold" : true,
  "Show Mark Indicators" : false,
  "Ansi 10 Color" : {
    "Red Component" : 0.70980392156862748,
    "Color Space" : "sRGB",
    "Blue Component" : 0.40784313725490196,
    "Green Component" : 0.74117647058823533
  },
  "Ambiguous Double Width" : false,
  "Jobs to Ignore" : [
    "rlogin",
    "ssh",
    "slogin",
    "telnet"
  ],
  "Ansi 15 Color" : {
    "Red Component" : 1,
    "Color Space" : "sRGB",
    "Blue Component" : 1,
    "Green Component" : 1
  },
  "Foreground Color" : {
    "Red Component" : 0.77254901960784317,
    "Color Space" : "sRGB",
    "Blue Component" : 0.77647058823529413,
    "Green Component" : 0.78431372549019607
  },
  "Working Directory" : "\/Users\/suesai",
  "Use Tab Color" : false,
  "Blinking Cursor" : true,
  "Disable Window Resizing" : true,
  "Sync Title" : false,
  "Prompt Before Closing 2" : false,
  "BM Growl" : true,
  "Command" : "",
  "Description" : "Default",
  "Mouse Reporting" : false,
  "Screen" : -1,
  "Selection Color" : {
    "Red Component" : 0.21568627450980393,
    "Color Space" : "sRGB",
    "Blue Component" : 0.25490196078431371,
    "Green Component" : 0.23137254901960785
  },
  "Columns" : 116,
  "Idle Code" : 0,
  "Ansi 13 Color" : {
    "Red Component" : 0.69803921568627447,
    "Color Space" : "sRGB",
    "Blue Component" : 0.73333333333333328,
    "Green Component" : 0.58039215686274515
  },
  "Custom Command" : "No",
  "ASCII Anti Aliased" : true,
  "Non Ascii Font" : "Monaco 12",
  "Vertical Spacing" : 1,
  "Use Bold Font" : true,
  "Option Key Sends" : 2,
  "Selected Text Color" : {
    "Red Component" : 0.77254901960784317,
    "Color Space" : "sRGB",
    "Blue Component" : 0.77647058823529413,
    "Green Component" : 0.78431372549019607
  },
  "Background Color" : {
    "Red Component" : 0.11372549019607843,
    "Color Space" : "sRGB",
    "Blue Component" : 0.12941176470588237,
    "Green Component" : 0.12156862745098039
  },
  "Character Encoding" : 4,
  "Ansi 11 Color" : {
    "Red Component" : 0.94117647058823528,
    "Color Space" : "sRGB",
    "Blue Component" : 0.45490196078431372,
    "Green Component" : 0.77647058823529413
  },
  "Use Italic Font" : true,
  "Unlimited Scrollback" : true,
  "Keyboard Map" : {

  },
  "Window Type" : 0,
  "Background Image Location" : "",
  "Blur" : false,
  "Badge Color" : {
    "Red Component" : 0.92929404973983765,
    "Color Space" : "P3",
    "Blue Component" : 0.13960540294647217,
    "Alpha Component" : 0.5,
    "Green Component" : 0.25479039549827576
  },
  "Scrollback Lines" : 0,
  "Send Code When Idle" : false,
  "Close Sessions On End" : true,
  "Terminal Type" : "xterm-256color",
  "Visual Bell" : true,
  "Flashing Bell" : false,
  "Silence Bell" : false,
  "Ansi 14 Color" : {
    "Red Component" : 0.54117647058823526,
    "Color Space" : "sRGB",
    "Blue Component" : 0.71764705882352942,
    "Green Component" : 0.74509803921568629
  },
  "Name" : "Default",
  "Cursor Text Color" : {
    "Red Component" : 0.11372549019607843,
    "Color Space" : "sRGB",
    "Blue Component" : 0.12941176470588237,
    "Green Component" : 0.12156862745098039
  },
  "Match Background Color" : {
    "Red Component" : 1,
    "Color Space" : "P3",
    "Blue Component" : 0,
    "Alpha Component" : 1,
    "Green Component" : 1
  },
  "Shortcut" : "",
  "Cursor Color" : {
    "Red Component" : 0.77254901960784317,
    "Color Space" : "sRGB",
    "Blue Component" : 0.77647058823529413,
    "Green Component" : 0.78431372549019607
  },
  "Transparency" : 0,
  "Ansi 0 Color" : {
    "Red Component" : 0.11372549019607843,
    "Color Space" : "sRGB",
    "Blue Component" : 0.12941176470588237,
    "Green Component" : 0.12156862745098039
  },
  "Custom Directory" : "No",
  "Link Color" : {
    "Red Component" : 0.14513972401618958,
    "Color Space" : "P3",
    "Blue Component" : 0.7093239426612854,
    "Alpha Component" : 1,
    "Green Component" : 0.35333043336868286
  },
  "Ansi 1 Color" : {
    "Red Component" : 0.80000000000000004,
    "Color Space" : "sRGB",
    "Blue Component" : 0.40000000000000002,
    "Green Component" : 0.40000000000000002
  },
  "Guid" : "0A219A3A-F44E-41DA-95C3-20D100461817",
  "Ansi 3 Color" : {
    "Red Component" : 0.94117647058823528,
    "Color Space" : "sRGB",
    "Blue Component" : 0.45490196078431372,
    "Green Component" : 0.77647058823529413
  },
  "Ansi 7 Color" : {
    "Red Component" : 0.77254901960784317,
    "Color Space" : "sRGB",
    "Blue Component" : 0.77647058823529413,
    "Green Component" : 0.78431372549019607
  },
  "Ansi 8 Color" : {
    "Red Component" : 0.58823529411764708,
    "Color Space" : "sRGB",
    "Blue Component" : 0.58823529411764708,
    "Green Component" : 0.59607843137254901
  },
  "Ansi 9 Color" : {
    "Red Component" : 0.80000000000000004,
    "Color Space" : "sRGB",
    "Blue Component" : 0.40000000000000002,
    "Green Component" : 0.40000000000000002
  },
  "Horizontal Spacing" : 1,
  "Right Option Key Sends" : 0
}